Model,Train_Accuracy,Val_Accuracy,Precision,Recall,F1_Weighted,Overfitting_Gap
Logistic Regression,0.6721433905899925,0.6208955223880597,0.6058249552033985,0.6208955223880597,0.6094607342337593,0.051247868201932834
Linear Discriminant Analysis,0.6258401792382375,0.6059701492537314,0.6010498527769316,0.6059701492537314,0.5996359253487406,0.019870029984506155
Random Forest (50 trees),1.0,0.5880597014925373,0.5807655469527022,0.5880597014925373,0.567850202991975,0.4119402985074627
KNN (k=5),0.6990291262135923,0.5791044776119403,0.5789862597107637,0.5791044776119403,0.569153432999408,0.11992464860165197
Random Forest (10 trees),0.9873039581777446,0.5552238805970149,0.5273209295509559,0.5552238805970149,0.5329623094655861,0.43208007758072975
KNN (k=10),0.6497386109036595,0.5522388059701493,0.5471814963220166,0.5522388059701493,0.5403249440367024,0.09749980493351018
Quadratic Discriminant Analysis,0.5100821508588499,0.4,0.4043826972257401,0.4,0.3866996671076227,0.11008215085884987
